[
{
    "model": "auth.user",
    "pk": 1,
    "fields": {
        "password": "pbkdf2_sha256$720000$ggFob1JnWTcyoReCnkcTbu$nUp8yqb6DoBGwETcIV+diVdQnwcvTCWArV0EUbKnawU=",
        "last_login": null,
        "is_superuser": true,
        "username": "admin",
        "first_name": "",
        "last_name": "",
        "email": "admin@admin.com",
        "is_staff": true,
        "is_active": true,
        "date_joined": "2026-04-25T23:09:17.173Z",
        "groups": [],
        "user_permissions": []
    }
},
{
    "model": "auth.user",
    "pk": 2,
    "fields": {
        "password": "pbkdf2_sha256$720000$upevjvcZtEyHlrLZQaU5xG$dX5QFP0cRteO3Rs5MVsT3VfxfegYuPKCukaQ/lNWeIc=",
        "last_login": null,
        "is_superuser": false,
        "username": "jdoe",
        "first_name": "Juan",
        "last_name": "Pérez",
        "email": "juan@example.com",
        "is_staff": false,
        "is_active": true,
        "date_joined": "2026-05-02T20:30:28.700Z",
        "groups": [],
        "user_permissions": []
    }
},
{
    "model": "auth.user",
    "pk": 3,
    "fields": {
        "password": "pbkdf2_sha256$720000$ofghVxzxPbtS1kWUAQqOdq$pWZYs+KCPIuerFwVC3W+NRbXBbEm0FunwzcexQBdTXw=",
        "last_login": null,
        "is_superuser": false,
        "username": "msmith",
        "first_name": "María",
        "last_name": "Gómez",
        "email": "maria@example.com",
        "is_staff": false,
        "is_active": true,
        "date_joined": "2026-05-02T20:30:29.691Z",
        "groups": [],
        "user_permissions": []
    }
},
{
    "model": "auth.user",
    "pk": 4,
    "fields": {
        "password": "pbkdf2_sha256$720000$LARSLN4te1ZTtSDnB6O1hO$k9rsjpDwNRnb+d1DwE9KsYvhYMciO7j5p4g8WAHbUvw=",
        "last_login": null,
        "is_superuser": false,
        "username": "cgarcia",
        "first_name": "Carlos",
        "last_name": "García",
        "email": "carlos@example.com",
        "is_staff": false,
        "is_active": true,
        "date_joined": "2026-05-02T20:30:30.687Z",
        "groups": [],
        "user_permissions": []
    }
},
{
    "model": "usuarios.customer",
    "pk": 1,
    "fields": {
        "user": 2,
        "full_name": "",
        "phone": "3001234567",
        "address": "Calle Falsa 123",
        "city": "Bogotá",
        "email": null
    }
},
{
    "model": "usuarios.customer",
    "pk": 2,
    "fields": {
        "user": 3,
        "full_name": "",
        "phone": "3109876543",
        "address": "Carrera 45 # 12-34",
        "city": "Medellín",
        "email": null
    }
},
{
    "model": "usuarios.customer",
    "pk": 3,
    "fields": {
        "user": 4,
        "full_name": "",
        "phone": "3205556677",
        "address": "Avenida Siempre Viva",
        "city": "Cali",
        "email": null
    }
},
{
    "model": "usuarios.customer",
    "pk": 4,
    "fields": {
        "user": null,
        "full_name": "Bayron Vargas",
        "phone": "3121111111",
        "address": "av 2 #2-23",
        "city": "Cúcuta",
        "email": "ejemplo1@gmail.com"
    }
},
{
    "model": "inventario.material",
    "pk": 1,
    "fields": {
        "name": "Cuero natural café",
        "category": "Cuero",
        "stock": 325.0,
        "min_stock": 100.0,
        "max_stock": 500.0,
        "unit": "dm˛",
        "last_entry": "2026-06-19"
    }
},
{
    "model": "inventario.material",
    "pk": 2,
    "fields": {
        "name": "Cuero sintético negro",
        "category": "Cuero",
        "stock": 85.0,
        "min_stock": 120.0,
        "max_stock": 300.0,
        "unit": "dm˛",
        "last_entry": "2026-04-26"
    }
},
{
    "model": "inventario.material",
    "pk": 3,
    "fields": {
        "name": "Suelas de caucho N°36",
        "category": "Suelas",
        "stock": 45.0,
        "min_stock": 50.0,
        "max_stock": 100.0,
        "unit": "pares",
        "last_entry": "2026-04-26"
    }
},
{
    "model": "inventario.material",
    "pk": 4,
    "fields": {
        "name": "Pegante especial",
        "category": "Adhesivos",
        "stock": 6.0,
        "min_stock": 10.0,
        "max_stock": 50.0,
        "unit": "litros",
        "last_entry": "2026-06-19"
    }
},
{
    "model": "inventario.material",
    "pk": 6,
    "fields": {
        "name": "cuero sintetico blanco",
        "category": "Cuero",
        "stock": 200.0,
        "min_stock": 10.0,
        "max_stock": 400.0,
        "unit": "m2",
        "last_entry": "2026-05-23"
    }
},
{
    "model": "inventario.product",
    "pk": 5,
    "fields": {
        "name": "Baletas destalonadas con lazo",
        "reference": "REF 6504",
        "heel_height": "3.5 cm",
        "description": "Baletas destalonadas con lazo grande al frente (Negro, Blanco, Palo de rosa, Verde, Marrón, Rosado, Beige)",
        "price": "150000.00",
        "material": 1,
        "available_stock": 11,
        "image": ""
    }
},
{
    "model": "inventario.product",
    "pk": 6,
    "fields": {
        "name": "Tacón bajo cerrado puntudo",
        "reference": "REF MP504",
        "heel_height": "3.5 cm",
        "description": "Tacón bajo cerrado puntudo, destalonado (Blanco, Dorado, Animal print/Lince, Marrón, Negro)",
        "price": "120000.00",
        "material": 1,
        "available_stock": 13,
        "image": ""
    }
},
{
    "model": "inventario.product",
    "pk": 7,
    "fields": {
        "name": "Tacón grueso destalonado Denim",
        "reference": "REF 65004 (Denim)",
        "heel_height": "5.5 cm",
        "description": "Tacón grueso denim destalonado en tela tipo Jean (Azul claro y Azul oscuro)",
        "price": "180000.00",
        "material": 1,
        "available_stock": 10,
        "image": ""
    }
},
{
    "model": "inventario.product",
    "pk": 8,
    "fields": {
        "name": "Tacón grueso cerrado con lazo",
        "reference": "REF 65004 (Lazo)",
        "heel_height": "5.5 cm",
        "description": "Tacón grueso cerrado con lazo grande al frente (Verde, Fucsia)",
        "price": "180000.00",
        "material": 1,
        "available_stock": 10,
        "image": ""
    }
},
{
    "model": "inventario.product",
    "pk": 9,
    "fields": {
        "name": "Tacón grueso cerrado puntudo",
        "reference": "REF 65004 (Básico)",
        "heel_height": "5.5 cm",
        "description": "Tacón grueso cerrado puntudo, destalonado (Marrón, Blanco, Lila, Azul rey)",
        "price": "160000.00",
        "material": 1,
        "available_stock": 10,
        "image": ""
    }
},
{
    "model": "inventario.product",
    "pk": 10,
    "fields": {
        "name": "Tacón bajo destalonado Nobuk",
        "reference": "REF 65004 (Nobuk)",
        "heel_height": "3.5 cm",
        "description": "Tacón bajo destalonado en textura mate/nobuk (Rosa, Negro, Verde, Negro Nobuk)",
        "price": "140000.00",
        "material": 1,
        "available_stock": 10,
        "image": ""
    }
},
{
    "model": "inventario.product",
    "pk": 11,
    "fields": {
        "name": "Tacón grueso cerrado con cadena",
        "reference": "REF 5985H",
        "heel_height": "5.5 cm",
        "description": "Tacón grueso cerrado con detalle de cadena dorada al frente (Negro, Rojo, Blanco)",
        "price": "170000.00",
        "material": 1,
        "available_stock": 10,
        "image": ""
    }
},
{
    "model": "inventario.product",
    "pk": 12,
    "fields": {
        "name": "Tacón bajo cerrado con correa",
        "reference": "REF T734P",
        "heel_height": "3.5 cm",
        "description": "Tacón bajo cerrado con correa ajustable al tobillo (Bicolor Blanco/Negro, Bicolor Beige/Marrón, Negro)",
        "price": "130000.00",
        "material": 1,
        "available_stock": 10,
        "image": ""
    }
},
{
    "model": "inventario.product",
    "pk": 13,
    "fields": {
        "name": "Tacón grueso cerrado con correa",
        "reference": "REF 336",
        "heel_height": "5.5 cm",
        "description": "Tacón grueso cerrado con correa ajustable al tobillo (Verde, Marrón, Naranja, Negro, Fucsia)",
        "price": "160000.00",
        "material": 1,
        "available_stock": 10,
        "image": ""
    }
},
{
    "model": "inventario.product",
    "pk": 14,
    "fields": {
        "name": "Sandalia de tacón grueso",
        "reference": "REF 101",
        "heel_height": "5.5 cm",
        "description": "Sandalia de tacón grueso con punta abierta y correa al tobillo (Negro, Blanco, Dorado, Fucsia, Verde limón)",
        "price": "140000.00",
        "material": 1,
        "available_stock": 10,
        "image": ""
    }
},
{
    "model": "inventario.product",
    "pk": 15,
    "fields": {
        "name": "Tacón grueso cerrado clásico",
        "reference": "REF 5985 LINCE",
        "heel_height": "5.5 cm",
        "description": "Tacón grueso cerrado clásico tipo pump (Negro, Animal print/Lince, Marrón, Verde oliva)",
        "price": "150000.00",
        "material": 1,
        "available_stock": 10,
        "image": ""
    }
},
{
    "model": "inventario.product",
    "pk": 16,
    "fields": {
        "name": "Sandalia destalonada cristal",
        "reference": "REF MP550",
        "heel_height": "7.5 cm",
        "description": "Sandalia destalonada con tacón transparente de cristal y lazo al frente (Animal print, Negro, Naranja)",
        "price": "190000.00",
        "material": 1,
        "available_stock": 10,
        "image": ""
    }
},
{
    "model": "inventario.product",
    "pk": 17,
    "fields": {
        "name": "Sandalia de plataforma alta",
        "reference": "REF MP551",
        "heel_height": "15 cm",
        "description": "Sandalia de plataforma alta con tacón cubano grueso y correa (Fucsia, Blanco, Negro, Verde)",
        "price": "210000.00",
        "material": 1,
        "available_stock": 10,
        "image": ""
    }
},
{
    "model": "inventario.product",
    "pk": 18,
    "fields": {
        "name": "Sandalia una tira tacón cubano",
        "reference": "REF MP552",
        "heel_height": "5.5 cm",
        "description": "Sandalia de una sola tira frontal con tacón cubano y correa al tobillo (Rojo, Negro, Blanco, Marrón, Dorado)",
        "price": "150000.00",
        "material": 1,
        "available_stock": 10,
        "image": ""
    }
},
{
    "model": "inventario.product",
    "pk": 19,
    "fields": {
        "name": "Sandalia una tira tacón bajo",
        "reference": "REF MP553",
        "heel_height": "3.5 cm",
        "description": "Sandalia de una sola tira frontal con tacón bajo y correa al tobillo (Fucsia, Negro, Verde, Blanco, Azul rey)",
        "price": "130000.00",
        "material": 1,
        "available_stock": 10,
        "image": ""
    }
},
{
    "model": "inventario.movement",
    "pk": 1,
    "fields": {
        "material": 6,
        "material_name": "cuero sintetico blanco",
        "movement_type": "creación",
        "quantity": 200.0,
        "reason": "Creación de material",
        "date": "2026-05-23T16:47:30.969Z"
    }
},
{
    "model": "inventario.movement",
    "pk": 2,
    "fields": {
        "material": 6,
        "material_name": "cuero sintetico blanco",
        "movement_type": "entrada",
        "quantity": 10.0,
        "reason": "Test movement",
        "date": "2026-05-23T17:06:15.962Z"
    }
},
{
    "model": "inventario.movement",
    "pk": 3,
    "fields": {
        "material": 1,
        "material_name": "Cuero natural café",
        "movement_type": "entrada",
        "quantity": 10.0,
        "reason": "Test",
        "date": "2026-05-23T17:15:50.141Z"
    }
},
{
    "model": "inventario.movement",
    "pk": 4,
    "fields": {
        "material": 1,
        "material_name": "Cuero natural café",
        "movement_type": "salida",
        "quantity": 5.0,
        "reason": "Prueba entrada",
        "date": "2026-05-23T17:17:13.837Z"
    }
},
{
    "model": "inventario.movement",
    "pk": 5,
    "fields": {
        "material": 6,
        "material_name": "cuero sintetico blanco",
        "movement_type": "salida",
        "quantity": 10.0,
        "reason": "venta",
        "date": "2026-05-23T17:20:52.768Z"
    }
},
{
    "model": "inventario.movement",
    "pk": 6,
    "fields": {
        "material": 1,
        "material_name": "Cuero natural café",
        "movement_type": "salida",
        "quantity": 10.0,
        "reason": "Retiro de material",
        "date": "2026-05-23T18:07:59.515Z"
    }
},
{
    "model": "inventario.movement",
    "pk": 7,
    "fields": {
        "material": 4,
        "material_name": "Pegante especial",
        "movement_type": "salida",
        "quantity": 5.0,
        "reason": "Consumo producción orden #1",
        "date": "2026-05-29T17:39:47.807Z"
    }
},
{
    "model": "inventario.movement",
    "pk": 8,
    "fields": {
        "material": 1,
        "material_name": "Cuero natural café",
        "movement_type": "salida",
        "quantity": 10.0,
        "reason": "Consumo producción orden #8",
        "date": "2026-06-20T00:52:50.403Z"
    }
},
{
    "model": "inventario.movement",
    "pk": 9,
    "fields": {
        "material": 4,
        "material_name": "Pegante especial",
        "movement_type": "salida",
        "quantity": 1.0,
        "reason": "Consumo producción orden #9",
        "date": "2026-06-20T00:53:13.844Z"
    }
},
{
    "model": "pedido.order",
    "pk": 8,
    "fields": {
        "customer": 1,
        "created_at": "2026-05-31T01:10:52.488Z",
        "status": "in_production",
        "total_amount": "470000.00",
        "additional_info": "urgente",
        "operario": "carlos",
        "fecha_inicio": "2026-05-31",
        "material_usado": 1,
        "cantidad_usada": 10.0,
        "observaciones_produccion": "ejemplo"
    }
},
{
    "model": "pedido.order",
    "pk": 9,
    "fields": {
        "customer": 4,
        "created_at": "2026-06-20T00:51:07.379Z",
        "status": "finished",
        "total_amount": "510000.00",
        "additional_info": "urgente",
        "operario": "Maria Gomez",
        "fecha_inicio": "2026-06-20",
        "material_usado": 4,
        "cantidad_usada": 1.0,
        "observaciones_produccion": "ejemplo2"
    }
},
{
    "model": "pedido.orderitem",
    "pk": 10,
    "fields": {
        "order": 8,
        "product": 5,
        "quantity": 1,
        "unit_price": "150000.00",
        "size": 36
    }
},
{
    "model": "pedido.orderitem",
    "pk": 11,
    "fields": {
        "order": 8,
        "product": 9,
        "quantity": 2,
        "unit_price": "160000.00",
        "size": 35
    }
},
{
    "model": "pedido.orderitem",
    "pk": 12,
    "fields": {
        "order": 9,
        "product": 6,
        "quantity": 3,
        "unit_price": "120000.00",
        "size": 36
    }
},
{
    "model": "pedido.orderitem",
    "pk": 13,
    "fields": {
        "order": 9,
        "product": 5,
        "quantity": 1,
        "unit_price": "150000.00",
        "size": 36
    }
}
]
